instance, 0, 1, 2, 3, 4, 5, 6, 7, 8, 9, 10, 11, 12, 13, 14, 15, 16, 17, 18, 19, 20, 21, 22, 23, 24, 25, 26, 27, 28, 29, 30, 31, 32, 33, 34, 35, 36, 37, 38, 39
navigation_inst_mdp__9.log, 0.868260772833, 0.841647690147, 0.855056807622, 0.768701633335, 0.803859542921, 0.832699684242, 0.807533022871, 0.823806907875, 0.822508248774, 0.813634852884, 0.65856033552, 0.774983312946, 0.780186007082, 0.758119742282, 0.762686891566, 0.743544161185, 0.64889747543, 0.722345261937, 0.643351218019, 0.70602625443, 0.690403697367, 0.677085177879, 0.546340225053, 0.623438889389, 0.610086446116, 0.775845341519, 0.789265527748, 0.796473009103, 0.841763017615, 0.740789828513, 0.675906045866, 0.738150915646, 0.604823058282, 0.527110104829, 0.417346938776, 0.383333333333, 0.221428571429, 0.142857142857, 0.47619047619, nan
sysadmin_inst_mdp__4.log, 0.966468435646, 0.968133395957, 0.967085990777, 0.967727197157, 0.969950690663, 0.970669480243, 0.970096818873, 0.972875319427, 0.9734475923, 0.974855026717, 0.976749968376, 0.975898026502, 0.976150976428, 0.977485680832, 0.978775322212, 0.978503522914, 0.978173353053, 0.978560973933, 0.980379469322, 0.980049176982, 0.980373871708, 0.982340564298, 0.981237936148, 0.982815892828, 0.983232002727, 0.985278200574, 0.985414256263, 0.986882182658, 0.988764871557, 0.990205510166, 0.991593827077, 0.992959753608, 0.994288097768, 0.995727055749, 0.996997259493, 0.991002386141, 0.99362535591, 0.976755183171, 0.418740460007, nan
crossing_traffic_inst_mdp__3.log, 0.815985055717, 0.828188037054, 0.915141572748, 0.945433361686, 0.946507636262, 0.912231950623, 0.903500204839, 0.926821043712, 0.944791104025, 0.968767077707, 0.969115824613, 0.970322875574, nan, nan, nan, nan, nan, nan, nan, nan, nan, nan, nan, nan, nan, nan, nan, nan, nan, nan, nan, nan, nan, nan, nan, nan, nan, nan, nan, nan
elevators_inst_mdp__5.log, 0.782264530778, 0.800461665678, 0.820937142553, 0.824014244549, 0.835435360997, 0.836857748379, 0.837315776076, 0.832961450357, 0.834085234655, 0.836359099605, 0.840411343169, 0.831913141808, 0.828304871323, 0.819824362564, 0.837493940407, 0.839570346041, 0.831701048193, 0.830286828485, 0.830330344822, 0.82202477372, 0.812044273932, 0.813728234595, 0.810116328545, 0.801970173619, 0.798154356921, 0.80224003511, 0.79757582779, 0.791759845335, 0.796780293054, 0.795107940454, 0.77894813034, 0.784601150139, 0.789348771273, 0.791420702161, 0.781148700633, 0.752860335072, 0.716442825552, 0.754096176871, 0.668898695187, nan
game_of_life_inst_mdp__4.log, 0.982544477177, 0.973110215885, 0.96972540316, 0.963652939259, 0.963117844505, 0.959357871184, 0.962558536393, 0.961065463993, 0.961416257389, 0.961407366142, 0.957218965044, 0.960134253893, 0.95915498841, 0.961622126021, 0.959421227347, 0.959140131753, 0.957273523407, 0.95615096507, 0.953935241686, 0.951346776943, 0.94966636476, 0.953145427906, 0.951514389685, 0.953530556641, 0.941360495127, 0.939568054335, 0.939848071032, 0.934698526639, 0.930796209706, 0.938226159329, 0.927076169676, 0.89506279824, 0.872790677715, 0.821328864019, 0.759058922873, 0.671326723394, 0.619152551428, 0.496909854794, 0.544847795775, nan
recon_inst_mdp__3.log, 0.937029082266, 0.939500984035, 0.931228094647, 0.922844957503, 0.918746482335, 0.919048437309, 0.925722627453, 0.933338907523, 0.936904128579, 0.942145910629, 0.944086367806, 0.948453901748, 0.945322851302, 0.949656931127, 0.948185220571, 0.946967261194, 0.942748735655, 0.937644082576, 0.936502551803, 0.918034639217, 0.900704780607, 0.873649709998, 0.856153923637, 0.836551717573, 0.85707865722, 0.873168405295, 0.887508764744, 0.905255616608, 0.935950963898, 0.970066936603, 0.983991217773, 0.987583835685, 0.990537424712, 0.984685272949, 0.997596123761, 0.999205989111, 0.999198396794, 1.0, 1.0, nan
crossing_traffic_inst_mdp__6.log, 0.89158567195, 0.877906965819, 0.865225951518, 0.85115428632, 0.867209392874, 0.880098361065, 0.881393379808, 0.876756198963, 0.891216021504, 0.895962467992, 0.88599420447, 0.900946870428, 0.895070377605, 0.931044865036, 0.931036103276, 0.885772782085, 0.890118085571, 0.798425564205, 0.867275752542, 0.911701841106, 0.816955160353, 0.84415958545, 0.845558292386, 0.834589888356, 0.80853723842, 0.851611014403, 0.859631911073, 0.751115814393, 0.791165462285, 0.669550697246, 0.670132667514, 0.605576764886, 0.442690391812, nan, nan, nan, nan, nan, nan, nan
skill_teaching_inst_mdp__5.log, 0.446579246001, nan, 0.458229447175, nan, 0.523140517112, nan, 0.568375636738, nan, 0.603136027181, 0.505668062118, 0.628411247715, 0.46618542075, 0.67291701361, 0.444694083381, 0.735153924901, 0.459513815874, 0.748460747233, 0.417552873033, 0.7514988528, 0.346502842047, 0.769013059984, 0.36156444434, 0.768332293906, 1.0, 0.749907230208, 1.0, 0.765805692089, 0.944444444444, 0.837603686492, 0.753518728796, 0.803981418469, 0.930555555556, 0.808875267367, 0.911111111111, 0.838057116171, 0.972222222222, 0.902298850575, 0.982638888889, 0.775862068966, nan
traffic_inst_mdp__8.log, nan, 0.738121703725, 0.728084339566, 0.752371377697, 0.755201643303, 0.751298410024, 0.783548589128, 0.783457977208, 0.782441809502, 0.793844389616, 0.802055371211, 0.800715621675, 0.772781612261, 0.773814339684, 0.789214645784, 0.766513611313, 0.768667234356, 0.782749076282, 0.761878785409, 0.773375269909, 0.743227687088, 0.770805850291, 0.769009204198, 0.770581272859, 0.789137697991, 0.790742353018, 0.798176876957, 0.769831719662, 0.778224542298, 0.769321049908, 0.77785692193, 0.771575665191, 0.746743641761, 0.770737618678, 0.698118793225, 0.411975391832, 0.446890041778, 0.433212420295, 0.139941432052, nan
sysadmin_inst_mdp__8.log, 0.967899764469, 0.973839774726, 0.977759960292, 0.981622177681, 0.984539177712, 0.985909315716, 0.987688653664, 0.989028305175, 0.99002800762, 0.98772267515, 0.98550903094, 0.984858367785, 0.983564864235, 0.982804198839, 0.983700649873, 0.986563771175, 0.987974449381, 0.989384570525, 0.990143811806, 0.989949061659, 0.991826549766, 0.990381030443, 0.99217017788, 0.991388609766, 0.993722046052, 0.991849458125, 0.99036703045, 0.989784576069, 0.989631902204, 0.989323842509, 0.991508945524, 0.992660444568, 0.992489837557, 0.992066296619, 0.993723731694, 0.99560831001, 0.998311613126, 0.999865472784, 1.0, nan
recon_inst_mdp__1.log, 0.911675470549, 0.911948513761, 0.911727364702, 0.897982852033, 0.881662427072, 0.87729065528, 0.870124596531, 0.871214375282, 0.868165583403, 0.878126097332, 0.881542019699, 0.888038663193, 0.905206200929, 0.911989981594, 0.914842503, 0.919825654153, 0.90211877536, 0.896189524675, 0.880654443535, 0.882798222433, 0.857898161751, 0.844636827851, 0.853126144004, 0.843926822449, 0.816823246785, 0.840108995276, 0.885978951767, 0.933469121216, 0.964016425302, 0.987245117274, 0.985714285714, 0.990476190476, 1.0, 1.0, 1.0, 1.0, 1.0, 1.0, 1.0, nan
crossing_traffic_inst_mdp__2.log, 0.932312375089, 0.940762612558, 0.951359415695, 0.960076991284, 0.964219797505, 0.973890079595, 0.973505142723, 0.97337270307, nan, nan, nan, nan, nan, nan, nan, nan, nan, nan, nan, nan, nan, nan, nan, nan, nan, nan, nan, nan, nan, nan, nan, nan, nan, nan, nan, nan, nan, nan, nan, nan
updates.csv~, nan, nan, nan, nan, nan, nan, nan, nan, nan, nan, nan, nan, nan, nan, nan, nan, nan, nan, nan, nan, nan, nan, nan, nan, nan, nan, nan, nan, nan, nan, nan, nan, nan, nan, nan, nan, nan, nan, nan, nan
navigation_inst_mdp__8.log, 0.787957233018, 0.645072380237, 0.643631731858, 0.621263740609, 0.708923417087, 0.765220384611, 0.747183513217, 0.750034805103, 0.811232589421, 0.777493243586, 0.785944447681, 0.75019259969, 0.871429918638, 0.925915551152, 0.916194697287, 0.936018487674, 0.95943838138, 0.914313137922, 0.686800455002, 0.740771580961, 0.645182302428, 0.765753192368, 0.762181150325, 0.749619685491, 0.726626502825, 0.805806521748, 0.866494534549, 0.84417369395, 0.821756039181, 0.781230297921, 0.65770115124, 0.623627338607, 0.533411966924, 0.493735822355, 0.457404386442, 0.5, 0.333333333333, 0.5, 0.416666666667, nan
sysadmin_inst_mdp__3.log, 0.967531980028, 0.969919379839, 0.970941893898, 0.971221523563, 0.972996511765, 0.973633901278, 0.974124599276, 0.975342758804, 0.976744949131, 0.97632457215, 0.978948868571, 0.978097436475, 0.978115068747, 0.980798676595, 0.982398886475, 0.983170891193, 0.983445296703, 0.983619515678, 0.984034598887, 0.985912788555, 0.985790544725, 0.986490001751, 0.987504593321, 0.987922734406, 0.989138847436, 0.990245735593, 0.990517836897, 0.991647873447, 0.992420911352, 0.993628165359, 0.994902462057, 0.995442230443, 0.996835785936, 0.99735851896, 0.993563665926, 0.983123931915, 0.983541742448, 0.979096845484, 0.547699678966, nan
crossing_traffic_inst_mdp__5.log, 0.853077947235, 0.802380378064, 0.912014776148, 0.942066609705, 0.974376397603, 0.980046964828, 0.978142688727, 0.98563110845, 0.982552615718, 0.985769230769, nan, nan, nan, nan, nan, nan, nan, nan, nan, nan, nan, nan, nan, nan, nan, nan, nan, nan, nan, nan, nan, nan, nan, nan, nan, nan, nan, nan, nan, nan
game_of_life_inst_mdp__3.log, 0.7928861841, 0.849448126693, 0.839487721179, 0.851000253033, 0.86347558826, 0.852794931678, 0.87375526833, 0.882670542746, 0.883386643766, 0.879771183603, 0.869523590243, 0.877601555613, 0.878707266562, 0.87757807293, 0.879356700598, 0.880848102738, 0.885607842161, 0.875426646862, 0.876467902788, 0.874993731268, 0.882538499897, 0.884464809477, 0.880874369355, 0.890236102441, 0.884619750128, 0.884917028154, 0.873540721479, 0.875901047855, 0.877578224061, 0.866446296203, 0.864455971392, 0.848848370432, 0.844692674783, 0.750454654479, 0.654492656377, 0.560739388378, 0.501680330579, 0.449681399626, 0.310432781247, nan
elevators_inst_mdp__9.log, 0.819900563996, 0.857189807803, 0.870718840872, 0.883793910726, 0.885779667087, 0.885494568498, 0.8780480708, 0.877198949166, 0.870826997152, 0.864103123685, 0.864248219742, 0.870424688588, 0.873089805703, 0.877566667437, 0.880734503931, 0.87687821172, 0.869303904985, 0.868905279983, 0.865728335633, 0.869462827936, 0.869968639474, 0.870042049076, 0.864472109162, 0.853487985162, 0.85055766352, 0.847984719802, 0.852116825244, 0.842240004248, 0.825845085781, 0.826047100683, 0.833143493926, 0.833411786929, 0.817732488484, 0.807515256371, 0.797247936335, 0.762144380934, 0.75037606, 0.744121191368, 0.692112525059, nan
recon_inst_mdp__9.log, 0.968372461139, 0.968801032781, 0.967756741567, 0.966131915287, 0.965738153409, 0.967235646586, 0.969465037239, 0.969556549877, 0.971110090185, 0.972385839908, 0.975714072806, 0.977276953034, 0.977768612808, 0.979032082633, 0.977283555491, 0.977275441946, 0.974613814033, 0.975336486703, 0.969091021688, 0.96682833323, 0.963286364687, 0.954991572931, 0.941940424204, 0.927636731446, 0.900155061801, 0.879507523241, 0.868349809978, 0.897194988492, 0.924792275461, 0.925818873857, 0.959799421729, 0.989177243741, 0.988796197846, 0.992651932276, 0.992861974895, 0.997028839378, 0.995968856106, 1.0, 1.0, nan
navigation_inst_mdp__5.log, 0.984235747463, 0.98578799453, 0.625638406466, 0.667145611658, 0.808654250605, 0.681437792659, 0.663950051212, 0.609416872337, 0.605995040088, 0.708342430325, 0.837509910892, 0.848510649065, 0.749670013605, 0.798315588967, 0.741552406455, 0.73476691215, 0.802790487989, 0.914192849629, 0.955793784146, 0.930774489149, 0.87033235096, 0.853832804649, 0.908996836979, 0.87460890444, 0.824064579208, 0.825651006986, 0.788792280926, 0.781785211818, 0.750245883085, 0.715375990608, 0.719534761109, 0.480019534568, 0.611807312026, 0.342214921067, 0.0, 0.166666666667, 0.625, 0.375, 0.375, nan
crossing_traffic_inst_mdp__4.log, 0.555470481583, 0.591372732588, 0.669563197546, 0.725098341934, 0.728697949211, 0.770216067849, 0.744312456603, 0.820510759492, 0.803562414086, 0.850721295371, 0.828341262097, 0.809032815181, 0.731124693673, 0.743942337118, 0.782045589808, 0.817979944615, 0.954482469711, 0.957509475738, 0.953279880602, nan, nan, nan, nan, nan, nan, nan, nan, nan, nan, nan, nan, nan, nan, nan, nan, nan, nan, nan, nan, nan
elevators_inst_mdp__4.log, 0.638251070806, 0.668238905929, 0.652016657518, 0.631452247424, 0.632144332581, 0.610193874584, 0.614812874065, 0.618037425353, 0.602064739806, 0.591835359374, 0.575056799187, 0.557707487236, 0.597255883388, 0.57508516037, 0.603530134443, 0.605020596587, 0.580786685871, 0.60222726036, 0.580034031029, 0.547445593878, 0.577147763895, 0.602826007086, 0.633860322446, 0.606951946215, 0.61742545081, 0.583846003498, 0.648240365691, 0.564036755652, 0.614752292546, 0.562334960576, 0.681007739488, 0.642567070803, 0.588482366878, 0.549981668701, 0.595544832909, 0.564287348146, 0.680181185508, 0.600321270026, 0.562500303684, nan
navigation_inst_mdp__3.log, 0.96543627441, 0.80221134433, 0.745635673624, 0.528152100503, 0.796585756202, 0.6444575482, 0.791708705811, 0.998561940686, 0.8125, 0.883928571429, 0.991071428571, 1.0, nan, nan, nan, nan, nan, nan, nan, nan, nan, nan, nan, nan, nan, nan, nan, nan, nan, nan, nan, nan, nan, nan, nan, nan, nan, nan, nan, nan
skill_teaching_inst_mdp__1.log, 0.932346654083, nan, 0.947724935024, nan, 0.947307077649, nan, 0.902123223543, nan, 0.898143860018, nan, 0.851634120969, nan, 0.821389509725, nan, 1.0, nan, nan, nan, nan, nan, nan, nan, nan, nan, nan, nan, nan, nan, nan, nan, nan, nan, nan, nan, nan, nan, nan, nan, nan, nan
traffic_inst_mdp__10.log, nan, 0.887813693894, 0.840305246732, 0.84992670175, 0.806092976965, 0.837549787306, 0.805181700659, 0.814937800651, 0.810371990648, 0.791991509485, 0.778930271301, 0.78327384847, 0.794488821368, 0.821069763204, 0.802461519188, 0.840676553493, 0.823337031085, 0.790392626283, 0.789532054575, 0.808891895358, 0.80169879614, 0.792689615436, 0.776219173006, 0.801785749832, 0.797037088299, 0.797783358554, 0.798376182231, 0.777457962853, 0.77710483772, 0.768397906041, 0.785368039625, 0.777863250985, 0.743924096712, 0.713213137308, 0.715324666421, 0.415808091214, 0.41310481197, 0.405433885986, 0.0279146141215, nan
skill_teaching_inst_mdp__3.log, 0.835795458045, nan, 0.846867709926, nan, 0.858512370995, nan, 0.852212092293, nan, 0.85338119239, nan, 0.857282860525, nan, 0.836127609793, nan, 0.842726979356, nan, 0.831392692149, nan, 0.853266628928, nan, 0.877623133028, nan, 0.847352318034, nan, 0.925454713039, nan, 0.940476190476, nan, 0.983333333333, nan, 0.95, nan, 0.916666666667, nan, 0.833333333333, nan, 0.916666666667, nan, 0.916666666667, nan
elevators_inst_mdp__8.log, 0.792590738663, 0.837808824869, 0.846853012455, 0.863900014362, 0.872129174293, 0.872053272107, 0.864136911124, 0.85826403616, 0.859626113944, 0.860344025235, 0.862105778598, 0.861782634392, 0.860654964974, 0.873033046096, 0.871394696057, 0.865143451586, 0.861366476426, 0.857456414599, 0.865843982843, 0.862695261736, 0.866549157831, 0.863052671248, 0.855003130143, 0.847924716186, 0.851986075054, 0.851161505207, 0.844866713166, 0.849538069393, 0.849142152878, 0.842970366011, 0.828450480992, 0.818692545939, 0.803206273771, 0.799536386203, 0.796219342569, 0.781363427938, 0.740134660251, 0.798079739928, 0.702531410493, nan
game_of_life_inst_mdp__8.log, 0.96526476331, 0.985931414948, 0.979369384201, 0.985429999953, 0.981570621908, 0.985500353697, 0.98188277188, 0.98619019152, 0.985213737095, 0.983258857363, 0.983645380168, 0.983491838555, 0.987131376724, 0.987607405747, 0.983852779068, 0.985071901996, 0.988554786694, 0.980938568316, 0.987514704099, 0.989486206842, 0.987395021038, 0.987423875343, 0.98966711877, 0.990139851584, 0.99103647205, 0.991338001272, 0.99318183388, 0.993004331515, 0.991858644867, 0.993045158458, 0.996302784695, 0.997118235665, 0.996576353213, 0.997593516342, 0.998804207332, 0.9951687679, 0.80262593136, 0.821483536709, 0.833008163415, nan
navigation_inst_mdp__6.log, 0.959596795689, 0.656864510982, 0.651466866369, 0.664579954774, 0.644890713308, 0.382991073198, 0.427179381363, 0.868166599733, 0.909378796178, 0.885341740597, 0.835680821351, 0.830517628837, 0.75736805126, 0.765052356833, 0.769074757422, 0.789916037522, 0.719910082464, 0.686198573454, 0.883130002338, 0.885132208317, 0.889684225059, 0.704264287924, 0.698395913347, 0.653361728325, 0.739487426327, 0.687944933133, 0.572573180124, 0.516623888326, 0.558377312622, 0.556587487817, 0.77145543475, 0.630238490745, 0.764025009769, 0.615506658344, 0.551705402289, 0.261904761905, 0.383333333333, 0.271428571429, 0.2, nan
sysadmin_inst_mdp__6.log, 0.978426578668, 0.976180972164, 0.973606101386, 0.972342509748, 0.969295950856, 0.96608117407, 0.96570491587, 0.964989840889, 0.966283278518, 0.964856714739, 0.965839293862, 0.966639940301, 0.966507923845, 0.966336547934, 0.968961119709, 0.970435359576, 0.971555043058, 0.974507613198, 0.976198070299, 0.976400468944, 0.978379344043, 0.980173413665, 0.978934734209, 0.978690530322, 0.978727918228, 0.97978870709, 0.980583089605, 0.981784159086, 0.983115839269, 0.984506787283, 0.987446940184, 0.988562931996, 0.990888598346, 0.993049923622, 0.995425194558, 0.997655309655, 0.999488840597, 0.99994126236, 0.972714010826, nan
game_of_life_inst_mdp__7.log, 0.976979294669, 0.98181059623, 0.981478041836, 0.982776079784, 0.979234372714, 0.980411773607, 0.982340281817, 0.981674692411, 0.982823155003, 0.983476320823, 0.986214691662, 0.983374540577, 0.981552587483, 0.982829094395, 0.979874937752, 0.982864581185, 0.984104275635, 0.985357923923, 0.984769902863, 0.988219684129, 0.987379140688, 0.98412502288, 0.985447632278, 0.984543458952, 0.985641338156, 0.985346319997, 0.985604797729, 0.987479352313, 0.990164296268, 0.990324763205, 0.99317094984, 0.99170273949, 0.993051602912, 0.992652246926, 0.9951621064, 0.94287901809, 0.815893720703, 0.869359629379, 0.892424246269, nan
navigation_inst_mdp__4.log, 0.906140086408, 0.5668619312, 0.524921229733, 0.690395513178, 0.680049577463, 0.464068263138, 0.806584187742, 0.64161570843, 0.745834782997, 0.916655855592, 0.754015069733, 0.913210577234, 0.989056087551, 0.5, 0.875, 0.875, 0.75, 1.0, nan, nan, nan, nan, nan, nan, nan, nan, nan, nan, nan, nan, nan, nan, nan, nan, nan, nan, nan, nan, nan, nan
recon_inst_mdp__10.log, 0.953729249745, 0.959894247353, 0.966210098266, 0.971985334786, 0.973429875502, 0.976965862789, 0.978785442688, 0.978369569558, 0.980071814659, 0.979162580721, 0.976316634938, 0.971664300082, 0.969275035932, 0.966605958436, 0.961083381207, 0.960160597596, 0.953052624239, 0.949923738703, 0.946107544339, 0.932241690356, 0.910436085351, 0.841139880835, 0.805386177615, 0.822861068668, 0.846138673771, 0.869511057612, 0.895898497286, 0.931134038375, 0.932479574514, 0.973935755204, 0.992275980396, 1.0, 1.0, 1.0, 1.0, 1.0, 1.0, 1.0, 1.0, nan
skill_teaching_inst_mdp__8.log, 0.450610610167, nan, 0.439156531888, nan, 0.436210108087, nan, 0.445002654249, nan, 0.446897999427, nan, 0.462174756467, nan, 0.456293016528, 0.525700140191, 0.459079407423, 0.530582549244, 0.46597871837, 0.534684797221, 0.476764852454, 0.527725557061, 0.470880077387, 0.536918883023, 0.529822767987, 0.468872979452, 0.558905834972, 0.352902771412, 0.616068053053, 0.33635346637, 0.681693603326, 0.421639311938, 0.730634889682, 0.904761904762, 0.796627360727, 0.857142857143, 0.785461245428, 0.68252084017, 0.814449917898, 0.904761904762, 0.701149425287, nan
game_of_life_inst_mdp__6.log, 0.977098079179, 0.973757721773, 0.974091926897, 0.973105264798, 0.968588347074, 0.968160625876, 0.97161814083, 0.972078708805, 0.975721795942, 0.976227755505, 0.976752986419, 0.975114532128, 0.974404476839, 0.976827737416, 0.978127140292, 0.972922396241, 0.972581834675, 0.969797757794, 0.973890951445, 0.977808877343, 0.97867826837, 0.978575390904, 0.979170358739, 0.974463006283, 0.974661624439, 0.975176764913, 0.971792238233, 0.976875600744, 0.970927766881, 0.977287811105, 0.976750859107, 0.973081737147, 0.97052785408, 0.973738700639, 0.958073111897, 0.936218158508, 0.94499767752, 0.625481610254, 0.0432076204499, nan
traffic_inst_mdp__1.log, nan, 0.188992875737, 0.26944497092, 0.295043541861, 0.323825056944, 0.368081399694, 0.384547703482, 0.365156657508, 0.331250633147, 0.346048822692, 0.368817343697, 0.382878799156, 0.376436753061, 0.361509797665, 0.370883735045, 0.38895574374, 0.405665906968, 0.398066479476, 0.41052697854, 0.45491804269, 0.411894267332, 0.400242091637, 0.4031215239, 0.438482453617, 0.407433284523, 0.431479168085, 0.440600194306, 0.399832797771, 0.414020309633, 0.419245033486, 0.436912684198, 0.389854235661, 0.422220072939, 0.428014678305, 0.330592726995, 0.448387513795, 0.631547849072, 0.413806381006, 0.283256673877, nan
recon_inst_mdp__2.log, 0.910274778171, 0.895830570119, 0.854596038404, 0.856977079563, 0.850847731853, 0.84945419691, 0.851884661002, 0.855853270991, 0.868634065162, 0.874704128664, 0.876043076061, 0.874596768029, 0.883179207499, 0.883385347033, 0.878663634427, 0.872105159831, 0.877565065938, 0.868042078588, 0.861884269224, 0.835127630234, 0.810365039386, 0.802041397987, 0.788697891902, 0.763444671923, 0.776657102394, 0.787051664549, 0.841868104958, 0.892159099921, 0.90618328248, 0.932686177078, 0.916816744091, 0.94, 0.928253968254, 0.954285714286, 0.947619047619, 0.966666666667, 1.0, 0.995238095238, 1.0, nan
game_of_life_inst_mdp__10.log, 0.996261861146, 0.994747441641, 0.990868244753, 0.987420809558, 0.986466615289, 0.983197131172, 0.981056622136, 0.979199011409, 0.97952932631, 0.97772163519, 0.973035868472, 0.980528867359, 0.977613770916, 0.982112242423, 0.982761104474, 0.979965079545, 0.983777058609, 0.984520165403, 0.984165980824, 0.984254592584, 0.983378272189, 0.987086366513, 0.985258124607, 0.986792641554, 0.987624607292, 0.989593830019, 0.988611102831, 0.991317399881, 0.991501397415, 0.992644476222, 0.994814904015, 0.992304412864, 0.993502196543, 0.994076670783, 0.996794752395, 0.971706471396, 0.803360816896, 0.924444159211, 0.992682172737, nan
crossing_traffic_inst_mdp__8.log, 0.882540360309, 0.919696864177, 0.896732319986, 0.904802707807, 0.880688887936, 0.886914498213, 0.835033111213, 0.853127388152, 0.846022918797, 0.829821913337, 0.877444149031, 0.861057763426, 0.854617310388, 0.871584363634, 0.85416850684, 0.841912449544, 0.85552036343, 0.879447566408, 0.869287635886, 0.853968209405, 0.850054750887, 0.900163895588, 0.903068541806, 0.910954204825, 0.919656631717, 0.895726571318, 0.876571705794, 0.84998346558, 0.859700969998, 0.813772465921, 0.770400836058, 0.700089446841, 0.616450239553, 0.501796946396, 0.470659898498, 0.389270312297, 0.346336024349, 0.10233561084, 0.0145502645503, nan
game_of_life_inst_mdp__9.log, 0.988722701373, 0.986349922954, 0.989231053321, 0.986141142597, 0.985380918623, 0.987589435774, 0.990130365146, 0.988618249994, 0.987811867528, 0.988010822998, 0.985909566249, 0.987721727273, 0.986208825465, 0.988854223012, 0.987022479557, 0.987988509294, 0.989831482164, 0.989030072346, 0.989992079121, 0.988753979743, 0.989146335076, 0.990780663256, 0.988226621154, 0.987550442859, 0.990045441201, 0.992900700867, 0.99066781562, 0.994030651586, 0.993333419773, 0.992313826447, 0.995418156413, 0.993108077356, 0.996094913078, 0.996768690353, 0.998417221589, 0.996339836194, 0.867510230621, 0.723882064895, 0.791505936251, nan
crossing_traffic_inst_mdp__7.log, 0.9087880247, 0.909864899238, 0.894817946007, 0.861239814525, 0.907767448399, 0.930114935503, 0.936034220755, 0.925597024201, 0.941177531618, 0.975597392863, 0.967781630213, 0.952907068406, 0.945351258911, 0.848875542101, 0.800729753432, 0.802193251725, 0.923653276801, 0.968423552674, 0.958137823167, nan, nan, nan, nan, nan, nan, nan, nan, nan, nan, nan, nan, nan, nan, nan, nan, nan, nan, nan, nan, nan
elevators_inst_mdp__6.log, 0.833085303695, 0.858703227687, 0.868211605331, 0.873802804037, 0.868089273649, 0.867380059154, 0.867858295388, 0.86209593907, 0.863133734556, 0.860158987655, 0.8624161261, 0.866442081643, 0.859762432839, 0.864560127259, 0.854422821447, 0.854152111257, 0.851530091908, 0.857464513186, 0.856369163031, 0.857107162522, 0.852104689056, 0.842724692091, 0.841241259982, 0.837054881079, 0.848546855647, 0.842901232574, 0.833793883669, 0.828860462538, 0.820576028578, 0.814684453701, 0.811965605586, 0.810111258687, 0.802971612641, 0.807165908795, 0.792834576607, 0.716375280724, 0.723002278295, 0.638315673143, 0.557352743713, nan
recon_inst_mdp__4.log, 0.963461053428, 0.963547309676, 0.95903743201, 0.960627250669, 0.965589275718, 0.961122043486, 0.963694339662, 0.957553255423, 0.950850307811, 0.936185031646, 0.927799430115, 0.924551095441, 0.912129558516, 0.898587078063, 0.899300788189, 0.8932580654, 0.887906536573, 0.881396312235, 0.882646159231, 0.877665988477, 0.862070009494, 0.83629000541, 0.815019684277, 0.82128145468, 0.841677346947, 0.862192222068, 0.888333660084, 0.90468465604, 0.951016235501, 0.968301497057, 0.980122643274, 0.988627858996, 0.992872210497, 0.988774354222, 0.98279272743, 0.99353008361, 0.994519788559, 1.0, 1.0, nan
recon_inst_mdp__8.log, 0.879341813874, 0.809270366415, 0.795065845336, 0.78717628066, 0.812043254129, 0.830113549789, 0.854133731871, 0.862256072103, 0.884027672522, 0.886932013981, 0.901808131635, 0.907885778132, 0.917778420318, 0.922149787842, 0.926537395304, 0.93315290989, 0.935019235315, 0.934543186821, 0.937571592482, 0.930183850396, 0.897213383324, 0.856090153044, 0.80660028262, 0.804540270005, 0.814236000788, 0.84874754487, 0.888489428595, 0.915386089085, 0.95263986041, 0.977017668878, 0.994175262333, 1.0, 1.0, 1.0, 1.0, 1.0, 1.0, 1.0, 1.0, nan
skill_teaching_inst_mdp__7.log, 0.433761705077, nan, 0.432105936525, nan, 0.4328463695, nan, 0.444003521259, nan, 0.474114316917, nan, 0.484510727595, nan, 0.493734554035, nan, 0.488565442841, nan, 0.48853469847, nan, 0.477307248457, nan, 0.477788638293, nan, 0.50050747578, nan, 0.534673191033, nan, 0.576603681103, nan, 0.6941699503, nan, 0.723677675416, nan, 0.782968304502, nan, 0.822012398168, 1.0, 0.831746031746, 1.0, 0.650793650794, nan
navigation_inst_mdp__10.log, 0.965055684601, 0.959942894773, 0.948599117552, 0.938172750046, 0.935229493339, 0.92912172047, 0.915233793431, 0.902352121625, 0.893197031323, 0.890784577817, 0.862006520116, 0.870436864184, 0.855275754441, 0.835583809408, 0.80941938572, 0.790464084098, 0.778880866093, 0.798310515827, 0.761652518743, 0.774596469971, 0.771863832983, 0.740635082895, 0.740835746476, 0.709520927855, 0.687097415747, 0.649661573401, 0.645781274711, 0.628249306299, 0.603180777759, 0.560959833018, 0.630393911905, 0.520335437605, 0.455303946729, 0.413273888511, 0.476277378283, 0.322619047619, 0.302857142857, 0.365, 0.210714285714, nan
skill_teaching_inst_mdp__10.log, 0.527006089345, nan, 0.516800354414, nan, 0.506919278294, nan, 0.500551067555, nan, 0.496594413847, nan, 0.497596171866, nan, 0.511198358222, nan, 0.512363625161, nan, 0.506527415459, nan, 0.503934397143, nan, 0.492425854405, nan, 0.473734355445, nan, 0.450472890659, nan, 0.449475146079, 0.533169853651, 0.490087977592, 0.533363699978, 0.59292279718, 0.544336872279, 0.744368619784, 0.471627652792, 0.795095067068, 0.416666666667, 0.847701149425, 0.291666666667, 0.682471264368, nan
game_of_life_inst_mdp__2.log, 0.536381618295, 0.545325441521, 0.601475525671, 0.622263020161, 0.635937867955, 0.625856955792, 0.665311023305, 0.662720717104, 0.692779777225, 0.728914542921, 0.720150099277, 0.744919617397, 0.794853780656, 0.809127809173, 0.783370096373, 0.782556284513, 0.794330208914, 0.789417912396, 0.809009584626, 0.8107263194, 0.792651068251, 0.792955091249, 0.792562297103, 0.802232901145, 0.824854702689, 0.819823498861, 0.811080477351, 0.811247598707, 0.806151903698, 0.81506581244, 0.787075415985, 0.748826663865, 0.675122221793, 0.599736210764, 0.510876221722, 0.558027990206, 0.478274204254, 0.486063281982, 0.542201579144, nan
traffic_inst_mdp__2.log, nan, 0.607334521244, 0.613720654336, 0.610063989336, 0.624289114429, 0.624650344198, 0.635291558158, 0.635513637783, 0.624878175739, 0.606385496091, 0.604136219325, 0.618179187708, 0.586064684971, 0.565713992576, 0.574140510007, 0.601236561733, 0.595428018599, 0.598170820297, 0.624506116593, 0.624603110933, 0.62757361315, 0.602729415696, 0.589104868107, 0.586839539992, 0.576489032592, 0.600378658792, 0.621160404905, 0.628977949051, 0.607640083744, 0.576364451007, 0.567127941755, 0.577891335155, 0.590673378786, 0.549936282237, 0.44622910886, 0.507932741547, 0.622670192503, 0.506976530726, 0.302969543418, nan
skill_teaching_inst_mdp__4.log, 0.847347427201, nan, 0.860346883235, nan, 0.872687836805, nan, 0.863804861456, 0.493686860526, 0.878815836392, 0.468051632117, 0.885971100947, 0.41491518237, 0.876160357815, 0.406720688729, 0.870548990893, 0.430114656633, 0.860354421279, 1.0, 0.838268583502, 1.0, 0.888628879253, 1.0, 0.914124987916, 1.0, 0.925477242429, 1.0, 0.859726348951, 1.0, 0.875, nan, 1.0, nan, 1.0, nan, 0.916666666667, nan, nan, nan, nan, nan
crossing_traffic_inst_mdp__10.log, 0.895324625531, 0.917826988047, 0.906540092162, 0.931063004742, 0.906404585169, 0.923012762049, 0.923142850514, 0.93038137265, 0.923064384121, 0.930000607844, 0.927010616463, 0.904799631165, 0.91296594962, 0.925740681353, 0.937097633415, 0.927275856445, 0.944476016372, 0.902926512921, 0.93364109649, 0.891398829084, 0.909681642561, 0.9388781816, 0.909781276034, 0.894547050693, 0.905227578723, 0.897195126364, 0.876918930323, 0.965244646267, 0.919381571582, 0.926534685395, 0.879231508965, 0.781961443836, 0.670783423912, 0.449358243034, 0.453059113288, 0.544588744589, 0.643057897695, 0.0467005076142, 0.362204724409, nan
traffic_inst_mdp__7.log, nan, 0.848893906337, 0.834989945381, 0.842193961244, 0.80547097325, 0.784037491601, 0.756207409326, 0.75282141562, 0.758363024371, 0.770293224002, 0.765969913527, 0.778709579562, 0.78469571918, 0.77957147493, 0.768977439898, 0.778304730562, 0.766036582036, 0.739991169968, 0.757670185262, 0.735199976833, 0.727869001932, 0.6899611147, 0.701502711902, 0.720134869517, 0.678070546102, 0.704549846959, 0.707951257992, 0.702370413459, 0.663628119991, 0.663541073714, 0.662043498959, 0.655255578121, 0.680293165627, 0.633844780834, 0.558423266259, 0.256987893163, 0.271256223492, 0.0976159499026, 0.0, nan
elevators_inst_mdp__7.log, 0.688430978203, 0.674918658033, 0.672296300743, 0.658148908692, 0.640794658822, 0.634395631927, 0.632841087732, 0.625352820417, 0.628610151209, 0.622241693929, 0.605642736874, 0.597915937869, 0.595792865746, 0.586286609197, 0.577644246621, 0.574350531123, 0.578151522486, 0.581646833718, 0.576361657703, 0.585899449897, 0.576936829193, 0.56579887543, 0.565588649175, 0.562375783672, 0.55339523525, 0.567148872633, 0.563155141001, 0.541358859079, 0.568519289315, 0.608010377707, 0.571599054725, 0.669960114041, 0.573985683621, 0.676598954339, 0.65393116273, 0.649494171114, 0.701322799359, 0.667084657949, 0.567043912705, nan
sysadmin_inst_mdp__5.log, 0.979711897577, 0.978591462633, 0.976374598739, 0.975119248874, 0.972059339741, 0.968084618167, 0.967494959737, 0.966768457956, 0.965977786532, 0.966543290442, 0.966978907067, 0.965732026488, 0.967372794025, 0.968719335116, 0.970506632626, 0.971179431607, 0.971837360417, 0.974517221801, 0.974993149449, 0.975863599655, 0.977491192586, 0.978327695331, 0.980039520631, 0.979350612745, 0.980769823662, 0.982203717306, 0.981563060831, 0.985761266202, 0.987767757012, 0.987927548715, 0.989969959864, 0.991606499988, 0.992908955384, 0.995138836982, 0.997842521002, 0.99901576917, 0.999863685009, 0.999977077151, 0.94877562512, nan
skill_teaching_inst_mdp__2.log, 0.934170865279, nan, 0.946924628946, nan, 0.947100460153, nan, 0.924518832074, nan, 0.898718350795, nan, 0.884363720954, nan, 0.916666666667, nan, 0.944444444444, nan, 0.916666666667, nan, 1.0, nan, nan, nan, nan, nan, nan, nan, nan, nan, nan, nan, nan, nan, nan, nan, nan, nan, nan, nan, nan, nan
recon_inst_mdp__5.log, 0.947217122714, 0.956428870097, 0.965940298221, 0.96959352897, 0.972122519529, 0.972593900307, 0.973924729151, 0.974964555657, 0.976384035963, 0.977290581348, 0.976840818804, 0.973807282446, 0.971988757396, 0.970319787537, 0.970506790709, 0.964731213706, 0.962496183073, 0.961013095777, 0.956245426422, 0.947279612389, 0.939825311116, 0.916360669292, 0.876231146494, 0.844457167616, 0.849669518524, 0.867274486376, 0.908822945526, 0.915607006503, 0.947679015437, 0.96693475888, 0.982051023785, 0.997205183244, 1.0, 1.0, 1.0, 1.0, 1.0, 1.0, 1.0, nan
crossing_traffic_inst_mdp__1.log, 0.960169126229, 0.962487596851, 0.964838865305, 0.965425451153, 0.964560626093, 0.963943563611, 0.964676419337, 0.961141928264, nan, nan, nan, nan, nan, nan, nan, nan, nan, nan, nan, nan, nan, nan, nan, nan, nan, nan, nan, nan, nan, nan, nan, nan, nan, nan, nan, nan, nan, nan, nan, nan
elevators_inst_mdp__1.log, 0.640364887247, 0.640000255204, 0.593238219103, 0.561658560193, 0.674256467617, 0.612311021685, 0.613135132664, 0.525956411924, 0.627477117025, 0.555895442421, 0.647035148011, 0.591163494511, 0.479927199091, 0.568275746479, 0.475615880451, 0.527404807121, 0.585683066149, 0.581850954455, 0.516650425314, 0.555756678577, 0.562516141111, 0.60921013679, 0.56904563684, 0.496128299477, 0.64424412252, 0.49271006227, 0.56968584527, 0.602441463935, 0.549060556721, 0.407128005111, 0.459210869013, 0.417822354326, 0.432028099382, 0.554545454545, 0.442135642136, 0.489235209235, 0.584992784993, 0.408686868687, 0.530014430014, nan
game_of_life_inst_mdp__5.log, 0.983999341144, 0.98138134101, 0.97568308604, 0.977641176542, 0.974953824407, 0.976835624493, 0.975470050929, 0.975482881366, 0.975907854336, 0.975632706036, 0.976304360336, 0.9751740276, 0.974084279071, 0.976399046979, 0.977320461531, 0.977332212406, 0.968643035318, 0.96798202565, 0.964482643505, 0.969039389695, 0.973620342108, 0.969502132798, 0.96587529148, 0.96526569816, 0.967609637233, 0.966803163446, 0.974644156463, 0.968659658977, 0.97322720451, 0.970542519246, 0.959661842444, 0.95750633296, 0.951492248143, 0.939179072337, 0.931951892627, 0.914297270805, 0.824823439285, 0.641779646062, 0.378957974326, nan
sysadmin_inst_mdp__10.log, 0.976052204037, 0.987078770124, 0.989952622064, 0.994096538454, 0.993423817979, 0.997474739407, 0.997506660542, 0.996911322408, 0.99681372845, 0.995378198944, 0.993815688588, 0.991770540134, 0.989855880417, 0.990561392126, 0.9922188144, 0.992278951205, 0.99452922658, 0.991997999068, 0.992531594945, 0.993009386828, 0.992833760071, 0.994596179419, 0.993634218684, 0.994619558578, 0.994265591685, 0.995015874924, 0.996181912963, 0.996265966682, 0.995656208096, 0.996465510169, 0.996637601651, 0.996612622827, 0.997381019144, 0.996424257997, 0.997233025643, 0.998987659834, 0.999424347864, 0.999927166165, 1.0, nan
skill_teaching_inst_mdp__9.log, 0.519312596203, nan, 0.493299877974, nan, 0.479602398391, nan, 0.470402765691, nan, 0.47698783631, nan, 0.487182735188, nan, 0.495264049139, nan, 0.50201359391, nan, 0.503872903668, nan, 0.490981662764, nan, 0.483938751556, nan, 0.455086586246, nan, 0.429118704093, nan, 0.421845419779, nan, 0.452196430738, nan, 0.534930464539, nan, 0.60541645255, nan, 0.741124508067, nan, 0.8375, 1.0, 0.581944444444, nan
traffic_inst_mdp__4.log, nan, 0.49776494004, 0.632411681359, 0.610653076321, 0.651461592936, 0.709800849085, 0.709170573308, 0.708561695761, 0.721136449495, 0.729454430338, 0.714494608792, 0.734298270399, 0.755116376497, 0.742065134543, 0.741924414032, 0.73575976435, 0.747608055898, 0.742951675329, 0.73872124215, 0.747650669134, 0.74570249658, 0.74168777202, 0.749419549504, 0.747218922892, 0.768748836907, 0.744322001011, 0.766693161244, 0.773661523116, 0.776495421797, 0.755338141674, 0.751940706358, 0.73921454027, 0.75477764698, 0.754985907236, 0.673118391915, 0.47361941843, 0.522667394774, 0.544573335148, 0.316762635853, nan
sysadmin_inst_mdp__2.log, 0.966374156901, 0.967285618842, 0.968359236215, 0.969077805289, 0.967945933979, 0.967431043771, 0.968694181452, 0.968333111771, 0.969319970583, 0.969903221066, 0.971678902383, 0.970687599262, 0.971113227231, 0.970507688823, 0.971281955834, 0.971997424227, 0.97262953551, 0.973792334607, 0.972809998267, 0.974678043869, 0.973021714275, 0.973059666973, 0.974555490446, 0.975508030786, 0.975528806793, 0.978758435285, 0.983746010691, 0.979028385427, 0.977694577543, 0.979801339144, 0.979122784582, 0.976982808858, 0.970649118838, 0.938410951111, 0.922341187063, 0.806684290599, 0.637671467264, 0.69833163796, 0.869824732758, nan
skill_teaching_inst_mdp__6.log, 0.437505577261, nan, 0.466960680825, nan, 0.472458393597, nan, 0.485121811744, nan, 0.528355959636, nan, 0.606931048942, nan, 0.616458320926, nan, 0.638464893794, nan, 0.688883235103, nan, 0.731169018495, nan, 0.745023782208, nan, 0.766608436636, nan, 0.763980259537, nan, 0.803457951355, nan, 0.798250490677, nan, 0.80486252669, 0.902777777778, 0.797184752869, 0.922222222222, 0.844766126059, 0.883333333333, 0.861111111111, 0.930555555556, 0.742592592593, nan
navigation_inst_mdp__2.log, 0.996967024264, 0.975, 0.4, 0.575, 0.944444444444, 0.75, 0.977011494253, 0.818965517241, 0.939655172414, 0.974137931034, nan, nan, nan, nan, nan, nan, nan, nan, nan, nan, nan, nan, nan, nan, nan, nan, nan, nan, nan, nan, nan, nan, nan, nan, nan, nan, nan, nan, nan, nan
navigation_inst_mdp__7.log, 0.932215045476, 0.758095372705, 0.717669715614, 0.705021097097, 0.736674774363, 0.466581292189, 0.505430044742, 0.498434029993, 0.763714010237, 0.890925500089, 0.465364520674, 0.585795145856, 0.834453702033, 0.86306338641, 0.712776188972, 0.678065151127, 0.684637957138, 0.620116947257, 0.725531507875, 0.884201684149, 0.790309637824, 0.774814502392, 0.781550756435, 0.821867666208, 0.607398655277, 0.643150061303, 0.635807614426, 0.665506136466, 0.51467951728, 0.571147600879, 0.763461009525, 0.702462331761, 0.449827016355, 0.427120145128, 0.61584154521, 0.375, 0.0, 0.0, 0.0, nan
traffic_inst_mdp__3.log, nan, 0.525609267835, 0.56503038743, 0.597389971699, 0.636361797078, 0.565233454815, 0.584371047395, 0.591801971941, 0.624406699601, 0.613054399289, 0.620332499824, 0.614229633934, 0.624521767813, 0.527172086591, 0.492713587651, 0.545009808845, 0.579491132446, 0.591160665556, 0.556391040191, 0.583200718016, 0.607389424717, 0.619455954774, 0.606407972848, 0.605734847278, 0.651742662907, 0.634990062459, 0.630083039189, 0.599763230485, 0.604300841791, 0.631600670408, 0.650116229295, 0.625681426874, 0.615614531079, 0.61320340595, 0.499502267262, 0.393969401379, 0.499077603981, 0.40427998052, 0.143252713272, nan
elevators_inst_mdp__2.log, 0.594782144186, 0.596999187423, 0.595399000336, 0.601744483719, 0.604879145654, 0.59919727228, 0.613988781347, 0.611710095214, 0.614413342874, 0.614318426969, 0.602911675542, 0.611698677543, 0.609204945331, 0.603391600041, 0.611388542521, 0.605775480351, 0.610152512243, 0.615803390165, 0.606953126355, 0.598364057832, 0.595117832422, 0.603017116903, 0.600139340775, 0.597713826499, 0.614494502374, 0.642794780677, 0.683102180044, 0.699935808124, 0.712353617385, 0.727851839443, 0.721284690177, 0.718083467821, 0.634804103221, 0.526803221699, 0.677767152972, 0.589960130389, 0.56509211765, 0.671761694296, 0.589905238691, nan
recon_inst_mdp__6.log, 0.948902619795, 0.957271739945, 0.964679670489, 0.976266848667, 0.98213391538, 0.982408847155, 0.983404316531, 0.98187310645, 0.981849943879, 0.978618256317, 0.977380726097, 0.978148846378, 0.974901447146, 0.974809323311, 0.96802261319, 0.966914905972, 0.962869360489, 0.961596591162, 0.953055800486, 0.951762127766, 0.937678334594, 0.91783923142, 0.89572137969, 0.875860602876, 0.870042447964, 0.86515356857, 0.889380550166, 0.908717317831, 0.913106124331, 0.938978572358, 0.943498349178, 0.984084694414, 0.993225972154, 1.0, 1.0, 1.0, 1.0, 1.0, 1.0, nan
traffic_inst_mdp__9.log, nan, 0.771363102299, 0.73301650066, 0.753663692284, 0.715670337162, 0.760541268742, 0.755169095916, 0.76788111422, 0.733790124567, 0.711287047681, 0.660906679244, 0.67385301723, 0.640249338704, 0.64984566252, 0.617760180347, 0.614318206964, 0.663356073088, 0.706032537635, 0.67706048861, 0.679709830015, 0.727313517477, 0.740125362974, 0.743001273742, 0.71239739299, 0.694349626697, 0.68387785442, 0.669648028546, 0.643676460679, 0.652150946739, 0.662413957156, 0.67826050862, 0.671844139088, 0.648751131025, 0.679091918342, 0.610854596198, 0.321732209434, 0.37891197123, 0.234988052052, 0.00065565333745, nan
sysadmin_inst_mdp__9.log, 0.976514707858, 0.985288886731, 0.987490212795, 0.989617598082, 0.991725457307, 0.992772881523, 0.992952416952, 0.993700998509, 0.991921701738, 0.988825528772, 0.984225322729, 0.9801994631, 0.978709861067, 0.976349487043, 0.97557218492, 0.972662077962, 0.97359806443, 0.9767130472, 0.976899422551, 0.978016973413, 0.979584344794, 0.982063332549, 0.981439169222, 0.982130200089, 0.981735483474, 0.983809535949, 0.984520914713, 0.985283303425, 0.987677522321, 0.990935636583, 0.992920810664, 0.993421324001, 0.993842393957, 0.996964040911, 0.998111392361, 0.999558420663, 0.999973987469, 0.999994484151, 0.999999628304, nan
crossing_traffic_inst_mdp__9.log, 0.895547017844, 0.849351323114, 0.839552030875, 0.78219095246, 0.804503625777, 0.864586898067, 0.908961108849, 0.95027782168, 0.946359748872, 0.975757133189, 0.993425823776, 0.991514900338, 0.99398249453, nan, nan, nan, nan, nan, nan, nan, nan, nan, nan, nan, nan, nan, nan, nan, nan, nan, nan, nan, nan, nan, nan, nan, nan, nan, nan, nan
game_of_life_inst_mdp__1.log, 0.926999440124, 0.920594951425, 0.915761963725, 0.91572566246, 0.908434749819, 0.91053270172, 0.907805754088, 0.904528774151, 0.90297518627, 0.903669605262, 0.892741639872, 0.891821685051, 0.889786227863, 0.886957602859, 0.869278749115, 0.866682637927, 0.862771116038, 0.854531578229, 0.848107712607, 0.834106027484, 0.818326132408, 0.8095930706, 0.796717185338, 0.764845969524, 0.730331349333, 0.682834101325, 0.653941934095, 0.625215390326, 0.629456960735, 0.580385012428, 0.580205992883, 0.560641161173, 0.600935450275, 0.540942009512, 0.636548233239, 0.55831585578, 0.760814195351, 0.428501820908, 0.693032364914, nan
recon_inst_mdp__7.log, 0.942172375127, 0.953829796872, 0.960305390042, 0.964949154283, 0.964846422737, 0.966990586935, 0.965059696888, 0.969046813089, 0.970148719586, 0.970098342068, 0.972163338257, 0.970792463534, 0.970307758235, 0.967568090153, 0.965030092534, 0.961605819252, 0.959863757503, 0.952665925835, 0.951557894496, 0.94503120118, 0.930631381812, 0.925438995023, 0.882426941328, 0.851499070109, 0.861709056743, 0.880041632659, 0.909581533114, 0.915573048915, 0.933618369935, 0.984226575951, 0.99203300357, 0.991877322306, 0.998985591583, 0.998744838167, 0.997864963763, 0.999199480744, 0.998993963783, 1.0, 1.0, nan
updates.csv, nan, nan, nan, nan, nan, nan, nan, nan, nan, nan, nan, nan, nan, nan, nan, nan, nan, nan, nan, nan, nan, nan, nan, nan, nan, nan, nan, nan, nan, nan, nan, nan, nan, nan, nan, nan, nan, nan, nan, nan
sysadmin_inst_mdp__1.log, 0.968397487342, 0.970855883427, 0.973192672961, 0.974418143663, 0.974253819344, 0.972589695206, 0.971870414065, 0.972318385046, 0.973024759391, 0.973577396651, 0.975037311032, 0.97480702807, 0.975510988172, 0.973790143084, 0.972911715773, 0.973527671545, 0.97254015116, 0.971715360875, 0.971136470505, 0.970510266842, 0.971086149106, 0.973364586786, 0.974523835904, 0.976431096084, 0.980301212863, 0.982244577834, 0.983306252781, 0.983430677869, 0.981500808644, 0.979828529376, 0.982587140179, 0.980281898314, 0.97127678256, 0.944601764339, 0.892071577921, 0.718675106689, 0.616750074116, 0.68397666626, 0.890715719789, nan
navigation_inst_mdp__1.log, 0.994563357388, 0.948189723858, 0.606652252643, 0.853739724194, 0.835433882106, 0.998799448542, 0.852528641239, 0.963837184939, 0.9603350976, 1.0, nan, nan, nan, nan, nan, nan, nan, nan, nan, nan, nan, nan, nan, nan, nan, nan, nan, nan, nan, nan, nan, nan, nan, nan, nan, nan, nan, nan, nan, nan
traffic_inst_mdp__6.log, nan, 0.838145210789, 0.823561254278, 0.839108208852, 0.813647202704, 0.804218343249, 0.815391823677, 0.802215576449, 0.821724887401, 0.784375332125, 0.787006229163, 0.768158832573, 0.780924702767, 0.772835646404, 0.785366995109, 0.769644881949, 0.760951522759, 0.755631394231, 0.747226694673, 0.731892264996, 0.748653667321, 0.758789281671, 0.76164505817, 0.741098137367, 0.755535151037, 0.76010045499, 0.75614044707, 0.763350549506, 0.763100526167, 0.764583661617, 0.751774963336, 0.746980147406, 0.726772696998, 0.731340984118, 0.628676629348, 0.365412951854, 0.396362518306, 0.308705672806, 0.0462745098039, nan
elevators_inst_mdp__3.log, 0.849190173005, 0.856812933462, 0.861219098618, 0.860275245172, 0.859809371496, 0.86800544715, 0.86904765182, 0.87254454598, 0.875194118967, 0.883371781695, 0.885053252924, 0.883528631516, 0.895994621239, 0.894081642338, 0.891030865948, 0.885278360349, 0.870891124408, 0.878107964566, 0.882098423373, 0.882354597578, 0.883888752506, 0.894175576453, 0.893394512872, 0.88432028811, 0.872039899653, 0.872779986649, 0.86757509039, 0.873449601488, 0.861938442559, 0.867015204466, 0.854975512735, 0.825977266467, 0.822625187407, 0.763418622178, 0.652259069015, 0.648983828942, 0.551771569207, 0.472599260693, 0.361748666164, nan
sysadmin_inst_mdp__7.log, 0.969657506203, 0.974680222543, 0.976041594704, 0.977598457236, 0.978426390155, 0.979182163435, 0.979701372805, 0.979787669172, 0.980665803969, 0.979052996728, 0.977030788786, 0.977308125519, 0.977889828173, 0.975844213885, 0.976411295402, 0.977007151452, 0.97692690162, 0.978611587935, 0.979579125161, 0.979781450049, 0.981331276505, 0.982270414365, 0.982708859891, 0.98198194545, 0.983693133593, 0.984394674082, 0.985955318864, 0.987889896549, 0.98744762491, 0.988443020881, 0.991143953434, 0.992657827097, 0.993846913157, 0.994492794299, 0.995933555331, 0.997774076295, 0.999709066922, 0.999966327317, 1.0, nan
traffic_inst_mdp__5.log, nan, 0.762124835177, 0.794257722207, 0.820497559649, 0.79025053466, 0.76374170304, 0.766836688099, 0.750570175249, 0.75065831882, 0.711457450782, 0.731140793261, 0.725365707964, 0.722684388153, 0.712009837058, 0.698019141864, 0.685104922701, 0.650364251892, 0.665448838653, 0.66963066512, 0.671043354486, 0.695508839393, 0.643196332645, 0.641945257948, 0.612503037062, 0.642385082358, 0.596531488587, 0.667729541438, 0.659794543843, 0.631081083377, 0.632423734386, 0.679110929067, 0.666285347592, 0.672660450602, 0.656986238003, 0.55131387395, 0.357690109903, 0.47997716048, 0.320385792929, 0.0489584339483, nan
elevators_inst_mdp__10.log, 0.725878349647, 0.724389756272, 0.719238746669, 0.708943869255, 0.712382165898, 0.705061414821, 0.693350514523, 0.69453842571, 0.682416645344, 0.656687599571, 0.653889682135, 0.638871154833, 0.638828849853, 0.630566688518, 0.610624229625, 0.614211955981, 0.605459575396, 0.606008532522, 0.613701759132, 0.606493432782, 0.599852792495, 0.603373437211, 0.608280690905, 0.587628342815, 0.583191394164, 0.575496004149, 0.5740508249, 0.56403721752, 0.564888531371, 0.567501061563, 0.580267379099, 0.579415178405, 0.635361612567, 0.685038965022, 0.67071515798, 0.752267304795, 0.742686606107, 0.67891601713, 0.666653461453, nan
